timeStamp,elapsed,label,responseCode,responseMessage,threadName,dataType,success,failureMessage,bytes,sentBytes,grpThreads,allThreads,URL,Latency,IdleTime,Connect
1601715698676,-1000,java.net.ConnectException: Connection refused: connect,,java.net.ConnectException: Connection refused: connect,,,false,,0,0,0,0,null,0,0,0
1601715698690,-1000,java.net.ConnectException: Connection refused: connect,,java.net.ConnectException: Connection refused: connect,,,false,,0,0,0,0,null,0,0,0
1601715698693,-1000,java.net.ConnectException: Connection refused: connect,,java.net.ConnectException: Connection refused: connect,,,false,,0,0,0,0,null,0,0,0
1601715698695,-1000,java.net.ConnectException: Connection refused: connect,,java.net.ConnectException: Connection refused: connect,,,false,,0,0,0,0,null,0,0,0
1601715698697,-1000,java.net.ConnectException: Connection refused: connect,,java.net.ConnectException: Connection refused: connect,,,false,,0,0,0,0,null,0,0,0
1601715698699,-1000,java.net.ConnectException: Connection refused: connect,,java.net.ConnectException: Connection refused: connect,,,false,,0,0,0,0,null,0,0,0
1601715698700,-1000,java.net.ConnectException: Connection refused: connect,,java.net.ConnectException: Connection refused: connect,,,false,,0,0,0,0,null,0,0,0
1601715698702,-1000,java.net.ConnectException: Connection refused: connect,,java.net.ConnectException: Connection refused: connect,,,false,,0,0,0,0,null,0,0,0
1601715699714,-1000,java.net.ConnectException: Connection refused: connect,,java.net.ConnectException: Connection refused: connect,,,false,,0,0,0,0,null,0,0,0
1601715699723,-1000,java.net.ConnectException: Connection refused: connect,,java.net.ConnectException: Connection refused: connect,,,false,,0,0,0,0,null,0,0,0
1601715699728,-1000,java.net.ConnectException: Connection refused: connect,,java.net.ConnectException: Connection refused: connect,,,false,,0,0,0,0,null,0,0,0
1601715699730,-1000,java.net.ConnectException: Connection refused: connect,,java.net.ConnectException: Connection refused: connect,,,false,,0,0,0,0,null,0,0,0
1601715699732,-1000,java.net.ConnectException: Connection refused: connect,,java.net.ConnectException: Connection refused: connect,,,false,,0,0,0,0,null,0,0,0
1601715699734,-1000,java.net.ConnectException: Connection refused: connect,,java.net.ConnectException: Connection refused: connect,,,false,,0,0,0,0,null,0,0,0
1601715699736,-1000,java.net.ConnectException: Connection refused: connect,,java.net.ConnectException: Connection refused: connect,,,false,,0,0,0,0,null,0,0,0
1601715699738,-1000,java.net.ConnectException: Connection refused: connect,,java.net.ConnectException: Connection refused: connect,,,false,,0,0,0,0,null,0,0,0
1601715700760,-1000,java.net.ConnectException: Connection refused: connect,,java.net.ConnectException: Connection refused: connect,,,false,,0,0,0,0,null,0,0,0
1601715700932,-1000,java.net.ConnectException: Connection refused: connect,,java.net.ConnectException: Connection refused: connect,,,false,,0,0,0,0,null,0,0,0
1601715700938,-1000,java.net.ConnectException: Connection refused: connect,,java.net.ConnectException: Connection refused: connect,,,false,,0,0,0,0,null,0,0,0
1601715700941,-1000,java.net.ConnectException: Connection refused: connect,,java.net.ConnectException: Connection refused: connect,,,false,,0,0,0,0,null,0,0,0
1601715700944,-1000,java.net.ConnectException: Connection refused: connect,,java.net.ConnectException: Connection refused: connect,,,false,,0,0,0,0,null,0,0,0
1601715700948,-1000,java.net.ConnectException: Connection refused: connect,,java.net.ConnectException: Connection refused: connect,,,false,,0,0,0,0,null,0,0,0
1601715700952,-1000,java.net.ConnectException: Connection refused: connect,,java.net.ConnectException: Connection refused: connect,,,false,,0,0,0,0,null,0,0,0
1601715700955,-1000,java.net.ConnectException: Connection refused: connect,,java.net.ConnectException: Connection refused: connect,,,false,,0,0,0,0,null,0,0,0
1601715701962,-1000,java.net.ConnectException: Connection refused: connect,,java.net.ConnectException: Connection refused: connect,,,false,,0,0,0,0,null,0,0,0
1601715701975,-1000,java.net.ConnectException: Connection refused: connect,,java.net.ConnectException: Connection refused: connect,,,false,,0,0,0,0,null,0,0,0
1601715701980,-1000,java.net.ConnectException: Connection refused: connect,,java.net.ConnectException: Connection refused: connect,,,false,,0,0,0,0,null,0,0,0
1601715701984,-1000,java.net.ConnectException: Connection refused: connect,,java.net.ConnectException: Connection refused: connect,,,false,,0,0,0,0,null,0,0,0
1601715702094,-1000,java.net.ConnectException: Connection refused: connect,,java.net.ConnectException: Connection refused: connect,,,false,,0,0,0,0,null,0,0,0
1601715702097,-1000,java.net.ConnectException: Connection refused: connect,,java.net.ConnectException: Connection refused: connect,,,false,,0,0,0,0,null,0,0,0
1601715702100,-1000,java.net.ConnectException: Connection refused: connect,,java.net.ConnectException: Connection refused: connect,,,false,,0,0,0,0,null,0,0,0
1601715702102,-1000,java.net.ConnectException: Connection refused: connect,,java.net.ConnectException: Connection refused: connect,,,false,,0,0,0,0,null,0,0,0
1601715703106,-1000,java.net.ConnectException: Connection refused: connect,,java.net.ConnectException: Connection refused: connect,,,false,,0,0,0,0,null,0,0,0
1601715703108,-1000,java.net.ConnectException: Connection refused: connect,,java.net.ConnectException: Connection refused: connect,,,false,,0,0,0,0,null,0,0,0
1601715703175,-1000,java.net.ConnectException: Connection refused: connect,,java.net.ConnectException: Connection refused: connect,,,false,,0,0,0,0,null,0,0,0
1601715703181,-1000,java.net.ConnectException: Connection refused: connect,,java.net.ConnectException: Connection refused: connect,,,false,,0,0,0,0,null,0,0,0
1601715703183,-1000,java.net.ConnectException: Connection refused: connect,,java.net.ConnectException: Connection refused: connect,,,false,,0,0,0,0,null,0,0,0
1601715703186,-1000,java.net.ConnectException: Connection refused: connect,,java.net.ConnectException: Connection refused: connect,,,false,,0,0,0,0,null,0,0,0
1601715703188,-1000,java.net.ConnectException: Connection refused: connect,,java.net.ConnectException: Connection refused: connect,,,false,,0,0,0,0,null,0,0,0
1601715703190,-1000,java.net.ConnectException: Connection refused: connect,,java.net.ConnectException: Connection refused: connect,,,false,,0,0,0,0,null,0,0,0
1601715704197,-1000,java.net.ConnectException: Connection refused: connect,,java.net.ConnectException: Connection refused: connect,,,false,,0,0,0,0,null,0,0,0
1601715704202,-1000,java.net.ConnectException: Connection refused: connect,,java.net.ConnectException: Connection refused: connect,,,false,,0,0,0,0,null,0,0,0
1601715704214,-1000,java.net.ConnectException: Connection refused: connect,,java.net.ConnectException: Connection refused: connect,,,false,,0,0,0,0,null,0,0,0
1601715704222,-1000,java.net.ConnectException: Connection refused: connect,,java.net.ConnectException: Connection refused: connect,,,false,,0,0,0,0,null,0,0,0
1601715704225,-1000,java.net.ConnectException: Connection refused: connect,,java.net.ConnectException: Connection refused: connect,,,false,,0,0,0,0,null,0,0,0
1601715704231,-1000,java.net.ConnectException: Connection refused: connect,,java.net.ConnectException: Connection refused: connect,,,false,,0,0,0,0,null,0,0,0
1601715704234,-1000,java.net.ConnectException: Connection refused: connect,,java.net.ConnectException: Connection refused: connect,,,false,,0,0,0,0,null,0,0,0
1601715704242,-1000,java.net.ConnectException: Connection refused: connect,,java.net.ConnectException: Connection refused: connect,,,false,,0,0,0,0,null,0,0,0
1601715705249,-1000,java.net.ConnectException: Connection refused: connect,,java.net.ConnectException: Connection refused: connect,,,false,,0,0,0,0,null,0,0,0
1601715705253,-1000,java.net.ConnectException: Connection refused: connect,,java.net.ConnectException: Connection refused: connect,,,false,,0,0,0,0,null,0,0,0
1601715705255,-1000,java.net.ConnectException: Connection refused: connect,,java.net.ConnectException: Connection refused: connect,,,false,,0,0,0,0,null,0,0,0
1601715705266,-1000,java.net.ConnectException: Connection refused: connect,,java.net.ConnectException: Connection refused: connect,,,false,,0,0,0,0,null,0,0,0
1601715705270,-1000,java.net.ConnectException: Connection refused: connect,,java.net.ConnectException: Connection refused: connect,,,false,,0,0,0,0,null,0,0,0
1601715705272,-1000,java.net.ConnectException: Connection refused: connect,,java.net.ConnectException: Connection refused: connect,,,false,,0,0,0,0,null,0,0,0
1601715705273,-1000,java.net.ConnectException: Connection refused: connect,,java.net.ConnectException: Connection refused: connect,,,false,,0,0,0,0,null,0,0,0
1601715705276,-1000,java.net.ConnectException: Connection refused: connect,,java.net.ConnectException: Connection refused: connect,,,false,,0,0,0,0,null,0,0,0
1601715706288,-1000,java.net.ConnectException: Connection refused: connect,,java.net.ConnectException: Connection refused: connect,,,false,,0,0,0,0,null,0,0,0
1601715706292,-1000,java.net.ConnectException: Connection refused: connect,,java.net.ConnectException: Connection refused: connect,,,false,,0,0,0,0,null,0,0,0
1601715706303,-1000,java.net.ConnectException: Connection refused: connect,,java.net.ConnectException: Connection refused: connect,,,false,,0,0,0,0,null,0,0,0
1601715706310,-1000,java.net.ConnectException: Connection refused: connect,,java.net.ConnectException: Connection refused: connect,,,false,,0,0,0,0,null,0,0,0
1601715706314,-1000,java.net.ConnectException: Connection refused: connect,,java.net.ConnectException: Connection refused: connect,,,false,,0,0,0,0,null,0,0,0
1601715706320,-1000,java.net.ConnectException: Connection refused: connect,,java.net.ConnectException: Connection refused: connect,,,false,,0,0,0,0,null,0,0,0
1601715706367,-1000,java.net.ConnectException: Connection refused: connect,,java.net.ConnectException: Connection refused: connect,,,false,,0,0,0,0,null,0,0,0
1601715706382,-1000,java.net.ConnectException: Connection refused: connect,,java.net.ConnectException: Connection refused: connect,,,false,,0,0,0,0,null,0,0,0
1601715707394,-1000,java.net.ConnectException: Connection refused: connect,,java.net.ConnectException: Connection refused: connect,,,false,,0,0,0,0,null,0,0,0
1601715707408,-1000,java.net.ConnectException: Connection refused: connect,,java.net.ConnectException: Connection refused: connect,,,false,,0,0,0,0,null,0,0,0
1601715707411,-1000,java.net.ConnectException: Connection refused: connect,,java.net.ConnectException: Connection refused: connect,,,false,,0,0,0,0,null,0,0,0
1601715707415,-1000,java.net.ConnectException: Connection refused: connect,,java.net.ConnectException: Connection refused: connect,,,false,,0,0,0,0,null,0,0,0
1601715707418,-1000,java.net.ConnectException: Connection refused: connect,,java.net.ConnectException: Connection refused: connect,,,false,,0,0,0,0,null,0,0,0
1601715707493,-1000,java.net.ConnectException: Connection refused: connect,,java.net.ConnectException: Connection refused: connect,,,false,,0,0,0,0,null,0,0,0
1601715707500,-1000,java.net.ConnectException: Connection refused: connect,,java.net.ConnectException: Connection refused: connect,,,false,,0,0,0,0,null,0,0,0
1601715707505,-1000,java.net.ConnectException: Connection refused: connect,,java.net.ConnectException: Connection refused: connect,,,false,,0,0,0,0,null,0,0,0
1601715708536,-1000,java.net.ConnectException: Connection refused: connect,,java.net.ConnectException: Connection refused: connect,,,false,,0,0,0,0,null,0,0,0
1601715708539,-1000,java.net.ConnectException: Connection refused: connect,,java.net.ConnectException: Connection refused: connect,,,false,,0,0,0,0,null,0,0,0
1601715708542,-1000,java.net.ConnectException: Connection refused: connect,,java.net.ConnectException: Connection refused: connect,,,false,,0,0,0,0,null,0,0,0
1601715708545,-1000,java.net.ConnectException: Connection refused: connect,,java.net.ConnectException: Connection refused: connect,,,false,,0,0,0,0,null,0,0,0
1601715708548,-1000,java.net.ConnectException: Connection refused: connect,,java.net.ConnectException: Connection refused: connect,,,false,,0,0,0,0,null,0,0,0
1601715708559,-1000,java.net.ConnectException: Connection refused: connect,,java.net.ConnectException: Connection refused: connect,,,false,,0,0,0,0,null,0,0,0
1601715708563,-1000,java.net.ConnectException: Connection refused: connect,,java.net.ConnectException: Connection refused: connect,,,false,,0,0,0,0,null,0,0,0
1601715708566,-1000,java.net.ConnectException: Connection refused: connect,,java.net.ConnectException: Connection refused: connect,,,false,,0,0,0,0,null,0,0,0
1601715709585,-1000,java.net.ConnectException: Connection refused: connect,,java.net.ConnectException: Connection refused: connect,,,false,,0,0,0,0,null,0,0,0
1601715709588,-1000,java.net.ConnectException: Connection refused: connect,,java.net.ConnectException: Connection refused: connect,,,false,,0,0,0,0,null,0,0,0
1601715709600,-1000,java.net.ConnectException: Connection refused: connect,,java.net.ConnectException: Connection refused: connect,,,false,,0,0,0,0,null,0,0,0
1601715709604,-1000,java.net.ConnectException: Connection refused: connect,,java.net.ConnectException: Connection refused: connect,,,false,,0,0,0,0,null,0,0,0
1601715709612,-1000,java.net.ConnectException: Connection refused: connect,,java.net.ConnectException: Connection refused: connect,,,false,,0,0,0,0,null,0,0,0
1601715709614,-1000,java.net.ConnectException: Connection refused: connect,,java.net.ConnectException: Connection refused: connect,,,false,,0,0,0,0,null,0,0,0
1601715709625,-1000,java.net.ConnectException: Connection refused: connect,,java.net.ConnectException: Connection refused: connect,,,false,,0,0,0,0,null,0,0,0
1601715709634,-1000,java.net.ConnectException: Connection refused: connect,,java.net.ConnectException: Connection refused: connect,,,false,,0,0,0,0,null,0,0,0
1601715710657,-1000,java.net.ConnectException: Connection refused: connect,,java.net.ConnectException: Connection refused: connect,,,false,,0,0,0,0,null,0,0,0
1601715710661,-1000,java.net.ConnectException: Connection refused: connect,,java.net.ConnectException: Connection refused: connect,,,false,,0,0,0,0,null,0,0,0
1601715710669,-1000,java.net.ConnectException: Connection refused: connect,,java.net.ConnectException: Connection refused: connect,,,false,,0,0,0,0,null,0,0,0
1601715710676,-1000,java.net.ConnectException: Connection refused: connect,,java.net.ConnectException: Connection refused: connect,,,false,,0,0,0,0,null,0,0,0
1601715710683,-1000,java.net.ConnectException: Connection refused: connect,,java.net.ConnectException: Connection refused: connect,,,false,,0,0,0,0,null,0,0,0
1601715710686,-1000,java.net.ConnectException: Connection refused: connect,,java.net.ConnectException: Connection refused: connect,,,false,,0,0,0,0,null,0,0,0
1601715710697,-1000,java.net.ConnectException: Connection refused: connect,,java.net.ConnectException: Connection refused: connect,,,false,,0,0,0,0,null,0,0,0
1601715710704,-1000,java.net.ConnectException: Connection refused: connect,,java.net.ConnectException: Connection refused: connect,,,false,,0,0,0,0,null,0,0,0
1601715711714,-1000,java.net.ConnectException: Connection refused: connect,,java.net.ConnectException: Connection refused: connect,,,false,,0,0,0,0,null,0,0,0
1601715711720,-1000,java.net.ConnectException: Connection refused: connect,,java.net.ConnectException: Connection refused: connect,,,false,,0,0,0,0,null,0,0,0
1601715711731,-1000,java.net.ConnectException: Connection refused: connect,,java.net.ConnectException: Connection refused: connect,,,false,,0,0,0,0,null,0,0,0
1601715711737,-1000,java.net.ConnectException: Connection refused: connect,,java.net.ConnectException: Connection refused: connect,,,false,,0,0,0,0,null,0,0,0
1601715711741,-1000,java.net.ConnectException: Connection refused: connect,,java.net.ConnectException: Connection refused: connect,,,false,,0,0,0,0,null,0,0,0
1601715711753,-1000,java.net.ConnectException: Connection refused: connect,,java.net.ConnectException: Connection refused: connect,,,false,,0,0,0,0,null,0,0,0
1601715711762,-1000,java.net.ConnectException: Connection refused: connect,,java.net.ConnectException: Connection refused: connect,,,false,,0,0,0,0,null,0,0,0
1601715711769,-1000,java.net.ConnectException: Connection refused: connect,,java.net.ConnectException: Connection refused: connect,,,false,,0,0,0,0,null,0,0,0
1601715712780,-1000,java.net.ConnectException: Connection refused: connect,,java.net.ConnectException: Connection refused: connect,,,false,,0,0,0,0,null,0,0,0
1601715712784,-1000,java.net.ConnectException: Connection refused: connect,,java.net.ConnectException: Connection refused: connect,,,false,,0,0,0,0,null,0,0,0
1601715712793,-1000,java.net.ConnectException: Connection refused: connect,,java.net.ConnectException: Connection refused: connect,,,false,,0,0,0,0,null,0,0,0
1601715712805,-1000,java.net.ConnectException: Connection refused: connect,,java.net.ConnectException: Connection refused: connect,,,false,,0,0,0,0,null,0,0,0
1601715712814,-1000,java.net.ConnectException: Connection refused: connect,,java.net.ConnectException: Connection refused: connect,,,false,,0,0,0,0,null,0,0,0
1601715712820,-1000,java.net.ConnectException: Connection refused: connect,,java.net.ConnectException: Connection refused: connect,,,false,,0,0,0,0,null,0,0,0
1601715712832,-1000,java.net.ConnectException: Connection refused: connect,,java.net.ConnectException: Connection refused: connect,,,false,,0,0,0,0,null,0,0,0
1601715712865,-1000,java.net.ConnectException: Connection refused: connect,,java.net.ConnectException: Connection refused: connect,,,false,,0,0,0,0,null,0,0,0
1601715713881,-1000,java.net.ConnectException: Connection refused: connect,,java.net.ConnectException: Connection refused: connect,,,false,,0,0,0,0,null,0,0,0
1601715713885,-1000,java.net.ConnectException: Connection refused: connect,,java.net.ConnectException: Connection refused: connect,,,false,,0,0,0,0,null,0,0,0
1601715713899,-1000,java.net.ConnectException: Connection refused: connect,,java.net.ConnectException: Connection refused: connect,,,false,,0,0,0,0,null,0,0,0
1601715713906,-1000,java.net.ConnectException: Connection refused: connect,,java.net.ConnectException: Connection refused: connect,,,false,,0,0,0,0,null,0,0,0
1601715713911,-1000,java.net.ConnectException: Connection refused: connect,,java.net.ConnectException: Connection refused: connect,,,false,,0,0,0,0,null,0,0,0
1601715713915,-1000,java.net.ConnectException: Connection refused: connect,,java.net.ConnectException: Connection refused: connect,,,false,,0,0,0,0,null,0,0,0
1601715713927,-1000,java.net.ConnectException: Connection refused: connect,,java.net.ConnectException: Connection refused: connect,,,false,,0,0,0,0,null,0,0,0
1601715713933,-1000,java.net.ConnectException: Connection refused: connect,,java.net.ConnectException: Connection refused: connect,,,false,,0,0,0,0,null,0,0,0
1601715714952,-1000,java.net.ConnectException: Connection refused: connect,,java.net.ConnectException: Connection refused: connect,,,false,,0,0,0,0,null,0,0,0
1601715714955,-1000,java.net.ConnectException: Connection refused: connect,,java.net.ConnectException: Connection refused: connect,,,false,,0,0,0,0,null,0,0,0
1601715714966,-1000,java.net.ConnectException: Connection refused: connect,,java.net.ConnectException: Connection refused: connect,,,false,,0,0,0,0,null,0,0,0
1601715714977,-1000,java.net.ConnectException: Connection refused: connect,,java.net.ConnectException: Connection refused: connect,,,false,,0,0,0,0,null,0,0,0
1601715714982,-1000,java.net.ConnectException: Connection refused: connect,,java.net.ConnectException: Connection refused: connect,,,false,,0,0,0,0,null,0,0,0
1601715714987,-1000,java.net.ConnectException: Connection refused: connect,,java.net.ConnectException: Connection refused: connect,,,false,,0,0,0,0,null,0,0,0
1601715714997,-1000,java.net.ConnectException: Connection refused: connect,,java.net.ConnectException: Connection refused: connect,,,false,,0,0,0,0,null,0,0,0
1601715715004,-1000,java.net.ConnectException: Connection refused: connect,,java.net.ConnectException: Connection refused: connect,,,false,,0,0,0,0,null,0,0,0
1601715716024,-1000,java.net.ConnectException: Connection refused: connect,,java.net.ConnectException: Connection refused: connect,,,false,,0,0,0,0,null,0,0,0
1601715716034,-1000,java.net.ConnectException: Connection refused: connect,,java.net.ConnectException: Connection refused: connect,,,false,,0,0,0,0,null,0,0,0
1601715716045,-1000,java.net.ConnectException: Connection refused: connect,,java.net.ConnectException: Connection refused: connect,,,false,,0,0,0,0,null,0,0,0
1601715716053,-1000,java.net.ConnectException: Connection refused: connect,,java.net.ConnectException: Connection refused: connect,,,false,,0,0,0,0,null,0,0,0
1601715716059,-1000,java.net.ConnectException: Connection refused: connect,,java.net.ConnectException: Connection refused: connect,,,false,,0,0,0,0,null,0,0,0
1601715716063,-1000,java.net.ConnectException: Connection refused: connect,,java.net.ConnectException: Connection refused: connect,,,false,,0,0,0,0,null,0,0,0
1601715716076,-1000,java.net.ConnectException: Connection refused: connect,,java.net.ConnectException: Connection refused: connect,,,false,,0,0,0,0,null,0,0,0
1601715716082,-1000,java.net.ConnectException: Connection refused: connect,,java.net.ConnectException: Connection refused: connect,,,false,,0,0,0,0,null,0,0,0
